Id,Prompt_Norm,Concept_Norm,Dot_Product,Cosine_Sim,Token_Confidence,Prompt_Length,Collapse_Alpha,Optimal_Alpha,Success
5a7a567255429941d65f25bd,512.5123901367188,397.6024169921875,193337.625,0.9487745761871338,0.12095463275909424,116,1.2229771639651235,0.0,False
5abca1a55542993a06baf937,518.2546997070312,413.326416015625,199324.78125,0.9305182695388794,0.17854739725589752,232,1.1667423756871778,0.0,False
5a73977d554299623ed4ac08,468.6223449707031,404.956787109375,178753.40625,0.9419386982917786,0.19089411199092865,187,1.0900262629723267,0.0,False
5ab514c05542991779162d72,515.5925903320312,449.36334228515625,221270.71875,0.9550358057022095,0.33767229318618774,415,1.0957933597258842,0.0,False
5add2b435542990d50227e11,488.0653381347656,375.64849853515625,170537.71875,0.9301668405532837,0.09811701625585556,53,1.2085291622895902,0.0,False
5a88d6df554299206df2b377,535.0321044921875,402.70751953125,207215.34375,0.9617282152175903,0.27451878786087036,168,1.2777398289019444,0.0,False
5ae6b6065542991bbc976168,584.38525390625,395.98162841796875,220138.71875,0.9513102173805237,0.0714130625128746,253,1.4039329271089056,0.0,False
5ae531ee5542990ba0bbb1ff,537.9095458984375,347.7356262207031,176035.4375,0.9411128759384155,0.11317823827266693,159,1.455800047772306,0.0,False
5a8aa5835542996c9b8d5f4e,508.5545959472656,427.2037048339844,207480.953125,0.9550050497055054,0.15390832722187042,182,1.1368632129193461,0.0,False
5ab82d095542990e739ec853,523.414794921875,423.5652770996094,208790.9375,0.9417710304260254,0.41670405864715576,125,1.1637801447731353,0.0,False
5ae4c01e55429913cc2044f3,497.06005859375,409.8457946777344,192173.5625,0.9433313012123108,0.24431149661540985,209,1.1440702027907852,0.0,False
5a89fea655429970aeb701eb,486.19525146484375,384.13140869140625,173295.46875,0.9278903007507324,0.13614732027053833,150,1.174431170397383,0.0,False
5a80cf4c55429938b61421f6,505.35174560546875,399.7411193847656,191537.625,0.9481598138809204,0.14482930302619934,206,1.1986612048429042,0.0,False
5a89b1de5542992e4fca8378,523.172119140625,384.6203918457031,190528.90625,0.9468561410903931,0.20356866717338562,103,1.2879418710324004,0.0,False
5a77897f55429949eeb29edc,511.65875244140625,410.5081787109375,201645.6875,0.960034191608429,0.4499858319759369,162,1.1965898373557102,0.0,False
5ae0132d55429925eb1afc00,544.1038208007812,408.2579650878906,213081.90625,0.9592463970184326,0.5752778053283691,110,1.278430844472356,0.0,False
5a7129685542994082a3e5fa,527.9992065429688,384.6686096191406,194791.234375,0.9590680599212646,0.027536476030945778,124,1.3164243722767157,0.0,False
5ae762835542997b22f6a711,545.64306640625,355.79840087890625,181468.40625,0.9347348213195801,0.10972490906715393,56,1.4334846319587475,0.0,False
5ae2f5b955429928c423957e,512.9474487304688,417.7981872558594,203994.71875,0.9518740773200989,0.22976934909820557,181,1.1686536541796857,0.0,False
5ae7b271554299540e5a564d,488.4088134765625,400.50213623046875,172272.796875,0.8807007670402527,0.15678122639656067,185,1.0740067992674207,0.0,False
5a89a74e554299669944a562,578.1848754882812,386.3118591308594,213027.625,0.9537426233291626,0.05480710044503212,105,1.4274465147835194,0.0,False
5adcceda5542990d50227d31,471.7213439941406,378.0874328613281,163469.03125,0.9165533185005188,0.05933734029531479,113,1.1435390626676423,0.0,False
5a7518cb55429916b0164259,568.5863647460938,363.94500732421875,199472.515625,0.9639420509338379,0.20603834092617035,132,1.505953397837697,0.0,False
5ab9180b5542991b5579f0f3,527.7243041992188,421.5773010253906,212943.453125,0.9571499228477478,0.19496312737464905,173,1.1981463086932034,0.5429100461266078,True
5abb326055429966062416e7,509.1486511230469,407.917724609375,197682.484375,0.951811671257019,0.16797251999378204,196,1.1880180456707925,0.0,False
5a8ef1e35542995a26add57a,541.7469482421875,391.24713134765625,192541.53125,0.9083993434906006,0.045305199921131134,129,1.2578304056489138,0.0,False
5adf03b35542993a75d263d3,518.9929809570312,417.2906799316406,208335.4375,0.9619731903076172,0.10608375817537308,181,1.19642582565459,0.0,False
5a88d745554299206df2b378,470.31256103515625,396.6385192871094,172312.6875,0.923710286617279,0.4324730932712555,196,1.0952858567180201,0.0,False
5ab3bacc55429969a97a8197,496.0862121582031,399.1646728515625,190279.0625,0.9609078168869019,0.07244684547185898,275,1.1942267827068687,0.0,False
5a7f244255429934daa2fcec,491.93756103515625,380.96453857421875,174702.46875,0.9321901202201843,0.20083726942539215,259,1.2037323661763024,0.0,False
5ac39f7b554299218029dbe7,523.1014404296875,436.2019348144531,210716.625,0.9234753251075745,0.15087272226810455,233,1.1074487223895637,0.0,False
5a810d7655429903bc27b915,449.34527587890625,393.7566223144531,167809.078125,0.948434591293335,0.28666046261787415,162,1.082330033032657,0.0,False
5ae4cb2f55429960a22e01e8,524.2335815429688,407.8786315917969,205485.375,0.9610037803649902,0.07344099879264832,221,1.2351480300906503,0.0,False
5adf1c3f5542993a75d263ec,509.82000732421875,419.05828857421875,198299.09375,0.9281740188598633,0.20268619060516357,121,1.129202573866882,0.0,False
5ab61140554299110f2199d7,529.48828125,406.3578796386719,207940.28125,0.9664371013641357,0.05356451869010925,211,1.259276955589038,0.0,False
5a738fe855429908901be2fb,539.9822387695312,424.3230895996094,220528.1875,0.9624717235565186,0.20660915970802307,110,1.224815796463643,0.0,False
5adcc3ed5542994d58a2f6c4,481.0814208984375,398.3335266113281,180484.71875,0.941835343837738,0.2353072613477707,182,1.1374877136696517,0.0,False
5ae5ffbb5542996de7b71ad4,476.6154479980469,365.7772216796875,164281.875,0.9423341155052185,0.05367552116513252,170,1.2278811640370708,0.0,False
5ae357745542992f92d8229b,539.1294555664062,400.5909118652344,204962.125,0.9490289092063904,0.1264857053756714,284,1.2772368218221046,0.0,False
5ae200655542994d89d5b2f4,498.4028625488281,411.1492614746094,188398.03125,0.9193825721740723,0.09953781962394714,279,1.114492964163542,0.0,False
5adf430e5542993a75d2645e,515.2440185546875,417.2254943847656,203967.34375,0.9488046169281006,0.2095775455236435,205,1.1717068374485613,0.3844663060378092,True
5adc99cf554299438c868e0d,576.9117431640625,410.0513610839844,228114.953125,0.9642865657806396,0.13576211035251617,135,1.3566794259446668,0.0,False
5ab262a4554299340b5254ac,502.8932800292969,414.5799560546875,198525.28125,0.9522078037261963,0.14678266644477844,130,1.155045832793627,0.0,False
5a770d785542993569682cad,517.893310546875,411.8660888671875,200768.265625,0.9412364363670349,0.16995689272880554,122,1.1835401515959192,0.0,False
5ae54b6355429908b63265cc,530.6951904296875,397.05157470703125,198520.296875,0.9421343207359314,0.31614816188812256,166,1.2592474219827432,0.0,False
5ab3c18b55429969a97a81b0,558.2238159179688,395.8360595703125,198418.03125,0.8979609608650208,0.09936904907226562,158,1.266340296050279,0.0,False
5a84b0705542991dd0999d86,533.97998046875,419.64031982421875,213339.359375,0.9520697593688965,0.06279821693897247,97,1.2114808899532379,0.0,False
5ae151985542990adbacf74d,470.3758239746094,424.43304443359375,189356.65625,0.9484761357307434,0.13120561838150024,196,1.0511439584321631,0.0,False
5abdba405542993f32c2a023,482.8904724121094,378.12408447265625,172938.28125,0.9471268653869629,0.22417214512825012,107,1.2095461890302914,0.0,False
5a80721b554299485f5985ef,467.92572021484375,393.7050476074219,174418.15625,0.9467685222625732,0.47469276189804077,104,1.12525182413179,0.0,False
5ab41677554299753aec5a38,494.15728759765625,408.8197326660156,190628.65625,0.9436070322990417,0.238027885556221,109,1.1405766769948418,0.0,False
5adcf37e5542994ed6169c37,507.10748291015625,419.8054504394531,200894.1875,0.9436681270599365,0.22964999079704285,190,1.1399117379746668,0.0,False
5aba510f5542994dbf0198d6,524.130859375,401.4169921875,197975.109375,0.9409685134887695,0.12640739977359772,244,1.2286242604129753,0.0,False
5a7d1765554299452d57bade,525.857666015625,380.90338134765625,192179.171875,0.9594520330429077,0.40403875708580017,113,1.3245753284504538,0.0,False
5abcf84d55429959677d6b86,523.9307861328125,402.5361328125,202470.21875,0.9600245952606201,0.13600653409957886,431,1.2495435931577563,0.0,False
5ac0714f554299294b218fe1,490.5563659667969,407.7045593261719,191024.4375,0.9551123380661011,0.21381130814552307,233,1.1492057575965404,0.0,False
5adcdea85542992c1e3a2441,526.5062866210938,389.22540283203125,191538.65625,0.9346558451652527,0.26665499806404114,72,1.2643114837830993,0.0,False
5ac257fe55429951e9e68562,501.8653869628906,400.41827392578125,188795.890625,0.9394882917404175,0.12415480613708496,255,1.177510419247427,0.0,False
5ae8242455429952e35eaa54,488.2963562011719,382.2367858886719,178308.890625,0.9553378820419312,0.26973775029182434,140,1.2204164048849564,0.0,False
5adfd56655429925eb1afaac,526.632568359375,415.8899841308594,211197.40625,0.9642783403396606,0.11975456774234772,212,1.2210449658825417,0.0,False
5ae0f5fc554299422ee9957c,495.3451232910156,389.7530517578125,181619.75,0.9407313466072083,0.1296817660331726,180,1.1955948199020228,0.0,False
5ae5d63b5542996de7b71a2d,531.5614624023438,398.91485595703125,199193.40625,0.9393799901008606,0.23483313620090485,84,1.2517411740492426,0.0,False
5ab29caa554299545a2cf9d3,488.2349853515625,393.8269348144531,184672.84375,0.9604367017745972,0.19866687059402466,312,1.1906721793275974,0.0,False
5a7c76275542990527d554b4,532.7073974609375,407.3609313964844,208657.5,0.9615367650985718,0.2735743522644043,257,1.257405193242046,0.0,False
5a737fff554299623ed4abb9,505.1058349609375,409.6789245605469,197066.3125,0.95232754945755,0.24523435533046722,181,1.1741542234005724,0.0,False
5a8051265542992bc0c4a6f8,495.8020324707031,384.15203857421875,178828.75,0.9389142990112305,0.12786735594272614,131,1.2118003021686325,0.0,False
5a89a13c55429946c8d6e97a,518.3853759765625,412.1319580078125,205163.640625,0.9603098034858704,0.08852717280387878,227,1.2078911859413202,0.0,False
5ab8854555429934fafe6e0c,520.1025390625,397.9996643066406,195834.5625,0.9460576772689819,0.23042139410972595,124,1.2363001745008566,0.0,False
5ab865ad5542992aa3b8c8dd,490.9809265136719,401.82159423828125,183444.703125,0.9298379421234131,0.12943308055400848,131,1.1361577399648723,0.0,False
5a83305d55429966c78a6b4a,507.17230224609375,376.8075256347656,182038.640625,0.9525514841079712,0.14643022418022156,183,1.2821075208401296,0.0,False
5a821c95554299676cceb219,526.71484375,408.3536682128906,191968.28125,0.8925188779830933,0.1029316857457161,212,1.1512153033913906,0.0,False
5abe8aad55429976d4830b60,454.1548767089844,379.9789123535156,160367.0,0.9292906522750854,0.21426866948604584,138,1.1106980624731868,0.0,False
5a82ffe755429940e5e1a949,529.4657592773438,412.839599609375,196315.0625,0.8981200456619263,0.16014732420444489,146,1.1518367378332226,0.0,False
5abd516a5542992ac4f3825c,516.2085571289062,397.5850830078125,194090.59375,0.9456909894943237,0.15819121897220612,89,1.2278472025464477,0.0,False
5a7323ef5542994cef4bc477,464.0838623046875,416.1319885253906,186745.75,0.9669925570487976,0.24754801392555237,198,1.0784214643740664,0.016850335380844787,True
5ae738f75542991bbc9761c4,528.3276977539062,402.0240478515625,195851.75,0.9220873117446899,0.07025464624166489,225,1.2117789174820301,0.0,False
5a89fc665542993b751ca9de,473.0353088378906,433.91204833984375,196621.3125,0.9579334259033203,0.3036520481109619,407,1.0443045549518557,0.0,False
5a76394c5542994ccc918725,472.58935546875,398.5458679199219,169374.40625,0.8992605805397034,0.15120603144168854,94,1.066328861822226,0.0,False
5ab3ede755429976abd1bcf4,513.440185546875,402.1698303222656,195903.09375,0.9487285017967224,0.07344014942646027,89,1.211218006743739,0.0,False
5ac2660d55429951e9e685a1,565.6222534179688,387.87554931640625,210075.640625,0.9575396776199341,0.10082455724477768,106,1.3963390680291088,0.0,False
5ab6a3a3554299710c8d1f0d,519.4171752929688,371.5275573730469,183244.28125,0.949561595916748,0.19777950644493103,167,1.3275422915719524,0.0,False
5a75eda35542994ccc918661,511.08038330078125,412.5794372558594,184907.03125,0.87691330909729,0.1161620244383812,190,1.086271205444577,0.0,False
5abb8ebe5542993f40c73b2d,507.72784423828125,434.2691650390625,207915.921875,0.9429697394371033,0.3407350182533264,170,1.1024775656930987,0.0,False
5a8318955542990548d0b177,512.4083251953125,412.7782287597656,193421.5625,0.9144750833511353,0.10639447718858719,103,1.1351972254079734,0.0,False
5a81cb2c5542990a1d231ec4,521.1340942382812,407.8760986328125,201558.375,0.9482505321502686,0.15201261639595032,142,1.2115583501367921,0.0,False
5a8ec7cc5542995a26add518,530.6758422851562,399.70880126953125,201027.6875,0.9477261304855347,0.2827922999858856,109,1.2582543903528662,0.0,False
5abd9c2355429924427fd06c,511.8658142089844,395.2845764160156,181260.734375,0.8958550691604614,0.08680769056081772,110,1.1600694694517026,0.0,False
5adeab4555429975fa854f5f,515.54833984375,416.6478271484375,204776.15625,0.9533247947692871,0.3439479172229767,139,1.1796173299469823,0.0,False
5a82360055429903bc27ba46,530.2413330078125,389.7957458496094,194471.46875,0.9409037828445435,0.12756282091140747,139,1.2799166956688817,0.0,False
5abacac45542996cc5e49e94,501.7427978515625,438.8629455566406,209945.9375,0.9534488916397095,0.1478886604309082,295,1.090058103936707,0.0,False
5adf24155542992d7e9f92af,489.7049255371094,395.12493896484375,180826.40625,0.9345294237136841,0.14038550853729248,264,1.158225087508175,0.0,False
5a825da055429954d2e2eb17,465.5794677734375,384.867431640625,171364.953125,0.9563504457473755,0.194030299782753,136,1.1569102880726168,0.0,False
5ae4f3c455429960a22e0221,485.0885925292969,390.90625,181285.53125,0.9560255408287048,0.18039949238300323,189,1.1863638785261383,0.0,False
5a855ca15542992a431d1b12,571.0728759765625,396.10540771484375,215755.75,0.9538060426712036,0.10458580404520035,94,1.3751207505962397,0.0,False
5ab23d8a55429970612095c9,472.34515380859375,390.46539306640625,175618.0,0.9521974325180054,0.40339353680610657,115,1.1518712271894003,0.0,False
5a74106b55429979e288289e,523.6902465820312,420.38934326171875,206230.046875,0.9367545247077942,0.18823833763599396,114,1.1669400462822241,0.0,False
5a792f3e554299029c4b5f20,539.4893188476562,388.9529113769531,200840.53125,0.9571312665939331,0.14697717130184174,196,1.3275696283947738,0.0,False
5ab42d6055429942dd415eb0,493.016845703125,374.6695556640625,174822.453125,0.9464267492294312,0.09148717671632767,151,1.2453757343559881,0.0,False
5ae5fa38554299546bf82ff1,541.3035278320312,381.2787780761719,196254.046875,0.9509005546569824,0.132186159491539,227,1.3499987132201485,0.0,False
5ade007e5542997545bbbdf4,554.718017578125,411.9529724121094,219419.640625,0.9601865410804749,0.37799587845802307,136,1.2929454963802334,0.0,False
5ac4e13f554299076e296e2d,535.4401245117188,389.3461608886719,200550.09375,0.9620022177696228,0.04965963959693909,197,1.3229732890757506,0.0,False
5a8d42c95542994ba4e3dc43,519.4373779296875,381.989990234375,178629.15625,0.9002583026885986,0.058571770787239075,184,1.2241887424322793,0.0,False
5ab70f79554299110f219aa9,512.2600708007812,403.7945861816406,198363.71875,0.9589837789535522,0.0848090872168541,104,1.2165816388689688,0.0,False
5ae7b001554299540e5a5645,526.590576171875,416.0606994628906,205500.21875,0.9379560947418213,0.08927565813064575,232,1.1871316908701561,0.0,False
5a8ac0595542992d82986f6c,517.7962646484375,384.644775390625,187068.5625,0.9392518401145935,0.07174321264028549,90,1.2643902357032224,0.0,False
5a7cfb2755429907fabef084,514.8357543945312,404.33087158203125,194445.390625,0.934097170829773,0.19056685268878937,250,1.1893888108880566,0.0,False
5a802e135542992bc0c4a6c7,504.3424072265625,385.64630126953125,181434.25,0.9328345060348511,0.12189991772174835,111,1.2199469145888546,0.0,False
5ae47dd95542995ad6573d57,515.0673828125,388.0694885253906,190292.78125,0.952025830745697,0.18033573031425476,108,1.263581669815163,0.0,False
5a7c68575542996dd594b91c,477.8935852050781,388.9162292480469,176835.5625,0.9514420032501221,0.19348359107971191,230,1.1691156535615432,0.0,False
5a8e07185542995085b37389,560.9179077148438,413.8402404785156,223376.578125,0.9622891545295715,0.10227207094430923,96,1.3042840945840115,0.0,False
5ae4f2595542990ba0bbb1a8,534.7415161132812,412.30780029296875,200134.609375,0.9077301025390625,0.05448384955525398,94,1.1772781822832918,0.0,False
5ae72e5d5542991e8301cba8,520.0538330078125,394.8826599121094,195724.40625,0.9530783891677856,0.10690200328826904,115,1.2551882277439084,0.0,False
5a8a48ee55429930ff3c0d66,515.6143798828125,408.7118225097656,198579.765625,0.9423078298568726,0.10515438765287399,215,1.1887775446926092,0.0,False
5ab7f3285542992aa3b8c88f,503.4177551269531,383.4984130859375,180182.421875,0.9332979321479797,0.13262417912483215,192,1.2251387535944367,0.0,False
5a77a65b5542992a6e59df57,484.60235595703125,423.1048889160156,190063.40625,0.9269683957099915,0.09629829972982407,140,1.0617014759616494,0.0,False
5ade1f1c55429939a52fe82d,600.4810791015625,405.9222106933594,233230.5,0.9568485021591187,0.2264098972082138,159,1.415466883865359,0.0,False
5a86b13f55429960ec39b6c3,448.6393737792969,396.71881103515625,167292.65625,0.939932644367218,0.12101448327302933,98,1.062946214106956,0.0,False
5ab56f3e5542992aa134a317,470.5277099609375,396.975830078125,176335.3125,0.9440391659736633,0.11917947977781296,95,1.118951237153583,0.0,False
5a8126265542995ce29dcbc9,522.9835205078125,404.4943542480469,200479.5625,0.9476972222328186,0.18272283673286438,119,1.225307741160408,0.0,False
5a7349125542994cef4bc505,529.603271484375,403.2236633300781,199058.125,0.9321445226669312,0.1566721349954605,150,1.2243001060567706,0.0,False
5a8b99a45542997f31a41d7f,572.5645141601562,465.1383972167969,254764.0,0.9566023349761963,0.06439004838466644,338,1.177534594284569,0.0,False
5ae26197554299495565da51,532.2710571289062,402.44195556640625,205608.0,0.9598512649536133,0.2510366439819336,165,1.2695023444064502,0.0,False
5ab92e02554299753720f775,476.2285461425781,397.99407958984375,180800.46875,0.9539101123809814,0.2546285390853882,138,1.1414222356636423,0.0,False
5abc715f5542993a06baf8ea,515.843994140625,394.6466979980469,194004.9375,0.9529847502708435,0.11691460758447647,151,1.245649437271249,0.0,False
5abc089b5542993f40c73c57,512.7705688476562,409.8840026855469,199772.390625,0.9504984021186829,0.14305172860622406,138,1.1890867217366161,0.0,False
5adf734b5542995ec70e9016,523.7186889648438,405.5072937011719,204120.28125,0.9611461758613586,0.10938876867294312,97,1.241334477325276,0.0,False
5a7309a15542992359bc320c,523.0099487304688,406.8990478515625,203123.28125,0.9544717073440552,0.08204798400402069,198,1.2268355619825528,0.0,False
5ab8f7535542991b5579f0a7,519.2075805664062,421.24505615234375,208749.21875,0.9544409513473511,0.2504851520061493,200,1.1764005664548587,0.0,False
5ab55455554299488d4d993b,538.1968383789062,446.3384094238281,228713.765625,0.9521094560623169,0.30101466178894043,210,1.1480578736878015,0.0,False
5ae644c55542992663a4f27e,501.4855651855469,390.9775085449219,183092.90625,0.933816134929657,0.13382385671138763,154,1.1977549344041278,0.0,False
5a7c74a65542990527d554b0,491.39111328125,412.2414245605469,192942.046875,0.9524626731872559,0.3637627065181732,134,1.1353339402380038,0.0,False
5ae406f055429970de88d874,506.75543212890625,373.8587341308594,178689.15625,0.9431750178337097,0.10284522920846939,139,1.2784481994358294,0.0,False
5a7e4414554299495941995c,526.2626342773438,427.71728515625,212158.90625,0.9425446391105652,0.2242431789636612,186,1.1597053605838994,0.0,False
5ac036b95542992a796deccd,498.2149353027344,428.3925476074219,198092.03125,0.9281290769577026,0.18706190586090088,128,1.0794019317270716,0.0,False
5ab4147a5542996a3a969f1e,499.20391845703125,364.4092712402344,164034.796875,0.901713490486145,0.065132275223732,107,1.2352565054131532,0.0,False
5a8c8828554299653c1aa0ae,522.918701171875,413.5484313964844,208226.359375,0.9628866314888,0.36244454979896545,145,1.2175391930794957,0.0,False
5abbb42555429931dba144af,507.46649169921875,419.0271911621094,201422.484375,0.9472363591194153,0.41652965545654297,195,1.1471587888701287,0.0,False
5ab2f50a55429929539468cd,521.8065185546875,372.2361145019531,184558.21875,0.9501789212226868,0.19516462087631226,231,1.3319759318030542,0.0,False
5aba6d4b5542994dbf019906,518.8541870117188,384.09332275390625,185403.09375,0.9303253889083862,0.13266274333000183,189,1.2567342820230647,0.0,False
5ab42b8955429942dd415ea6,523.1998901367188,387.1648254394531,193596.9375,0.9557293057441711,0.09510358422994614,217,1.291536531380084,0.0,False
5ae684925542995703ce8b71,519.5706787109375,421.2032470703125,206931.375,0.9455618858337402,0.07309648394584656,152,1.1663876765434007,0.0,False
5ab80e1455429916710eafd7,532.2853393554688,401.725341796875,202149.328125,0.9453630447387695,0.19995786249637604,105,1.2526041445414824,0.0,False
5a7f7c285542994857a76746,509.0362548828125,389.6441345214844,182634.125,0.9207993745803833,0.13036416471004486,94,1.2029446423008991,0.0,False
5a84de5f5542991dd0999e07,513.6050415039062,399.3990478515625,197321.421875,0.9619176387786865,0.0882081687450409,150,1.2369729022278007,0.0,False
5a8a3a355542996c9b8d5e5e,484.2267761230469,413.42803955078125,191757.46875,0.9578633308410645,0.17339006066322327,207,1.121895567425345,0.0,False
5a80ad205542992bc0c4a79d,518.8338623046875,443.54583740234375,215212.546875,0.9351919889450073,0.2805919945240021,324,1.0939326165544598,0.0,False
5ac4e03f5542995c82c4ad75,558.0272216796875,430.510986328125,232588.875,0.9681648015975952,0.12313758581876755,203,1.2549327707707219,0.0,False
5adfc9a555429906c02daa42,513.430419921875,369.5374755859375,177410.203125,0.9350578784942627,0.15472644567489624,102,1.2991569402393977,0.0,False
5adccd795542990d50227d2c,487.9732666015625,395.4969177246094,182466.578125,0.9454622268676758,0.3796434700489044,145,1.1665332474755568,0.0,False
5ae60530554299546bf8301e,533.4970092773438,410.2255859375,205431.84375,0.9386701583862305,0.09132027626037598,155,1.2207374718970414,0.0,False
5add433b5542997545bbbd02,574.0258178710938,428.0595703125,236818.0,0.9637826681137085,0.19909639656543732,216,1.2924277867101261,0.0,False
5ae2fca555429928c423958a,530.5677490234375,412.15545654296875,208329.453125,0.9526838064193726,0.18227937817573547,111,1.2263899024366869,0.0,False
5a82c51055429966c78a6a8d,498.3584289550781,419.5790710449219,196277.15625,0.9386724829673767,0.14744625985622406,144,1.114915935558491,0.0,False
5a88e3cc5542997e5c09a6c2,512.0324096679688,407.5718078613281,197931.6875,0.9484485387802124,0.129158154129982,130,1.1915356911642827,0.0,False
5abb07e95542992ccd8e7ec4,520.8147583007812,423.4633483886719,210437.640625,0.9541667699813843,0.19119305908679962,249,1.1735234422683558,0.0,False
5a7414d855429929fddd83db,509.7920837402344,397.7760009765625,194273.1875,0.9580345153808594,0.13600869476795197,117,1.2278228494983472,0.0,False
5a835b88554299123d8c2101,506.431884765625,389.9537658691406,186558.0,0.9446691274642944,0.11089707911014557,201,1.2268391873977822,0.0,False
5a81dacc55429926c1cdada0,519.1962280273438,417.27392578125,207622.5,0.9583445191383362,0.15238401293754578,316,1.1924273277783368,0.0,False
5ae0345855429924de1b705f,499.30303955078125,374.76800537109375,180189.0625,0.9629453420639038,0.34801772236824036,185,1.2829313302846808,0.0,False
5a8d02cc554299441c6b9fb6,491.3076477050781,406.8349304199219,186902.125,0.9350664615631104,0.12727659940719604,106,1.1292179454081608,0.0,False
5ab442645542991751b4d70c,507.9215393066406,371.2250061035156,179389.9375,0.9514023065567017,0.28559762239456177,202,1.3017381485436115,0.0,False
5a8b45765542995d1e6f1333,551.1376342773438,420.49822998046875,222753.5,0.9611701965332031,0.19559921324253082,255,1.2597843023141702,0.0,False
5ab47e0a5542990594ba9c32,506.8655700683594,397.0011901855469,192579.71875,0.9570308327674866,0.1293654590845108,95,1.2218754262435734,0.0,False
5a77aa8655429949eeb29f22,546.9378662109375,384.9698181152344,200507.453125,0.9522826671600342,0.05517629161477089,60,1.3529357002803708,0.0,False
5a73f4f75542993a88ae2ebc,642.353271484375,373.83978271484375,229541.40625,0.9558759927749634,0.017720574513077736,59,1.6424418660831002,0.0,False
5a8b7d7d5542997f31a41d4b,526.7267456054688,366.78424072265625,184247.828125,0.9536880254745483,0.119706891477108,87,1.3695599334572033,0.0,False
5ae60dcc554299546bf83043,503.8390808105469,407.4436950683594,192858.5625,0.9394626021385193,0.26782524585723877,433,1.1617260337562276,0.0,False
5ab71f7d554299110f219ab9,495.0775146484375,407.6403503417969,189823.984375,0.9405907392501831,0.14364652335643768,173,1.1423435991421746,0.0,False
5ade858a55429975fa854eea,494.7440185546875,365.7847595214844,171161.90625,0.9458035230636597,0.0858985185623169,80,1.2792514015348553,0.0,False
5ac4920d5542996feb3fe8d3,499.0570068359375,401.3370666503906,188830.515625,0.9427852630615234,0.07915234565734863,136,1.1723401390200305,0.0,False
5a7c2819554299683c1c62db,532.7677001953125,403.2208557128906,206151.8125,0.9596353769302368,0.05245841667056084,154,1.267947242617418,0.0,False
5a80956e5542996402f6a579,519.1082153320312,407.8075256347656,199147.0,0.9407205581665039,0.27372726798057556,100,1.1974662905047495,0.0,False
5ae5f9b355429929b0807a4b,519.9249877929688,383.1497802734375,191280.375,0.9601987600326538,0.09048419445753098,114,1.3029665087852267,0.0,False
5ae655845542991bbc9760c3,518.6990966796875,415.55340576171875,204080.5625,0.9468023777008057,0.24927665293216705,326,1.1818107893868939,0.0,False
5a77e70f5542992a6e59dfeb,528.9019775390625,421.5863037109375,213398.75,0.9570401310920715,0.2647618353366852,207,1.2006567992149806,0.0,False
5a8f93f5554299458435d67e,493.5892333984375,422.99615478515625,194528.34375,0.9317100644111633,0.1382780373096466,512,1.0872015181768344,0.0,False
5a8a4b9955429930ff3c0d88,499.86810302734375,425.1033630371094,203155.53125,0.9560458660125732,0.1638045310974121,220,1.1241896167357637,0.0,False
5a83d0845542996488c2e4e6,506.1470947265625,402.2100524902344,193529.9375,0.9506452083587646,0.10465536266565323,137,1.1963060932717382,0.0,False
5a7cd28c554299452d57ba80,586.76513671875,386.3678283691406,217628.65625,0.9599548578262329,0.01788501814007759,69,1.4578544493657417,0.0,False
5ae5a8435542992663a4f208,503.3952941894531,402.9407043457031,193648.671875,0.9546940922737122,0.4319028854370117,94,1.192702803887898,0.0,False
5a89810655429946c8d6e929,464.1526794433594,410.4788513183594,180350.1875,0.9465965628623962,0.5336469411849976,109,1.070372704118603,0.0,False
5a88bd1d554299206df2b357,523.3096923828125,366.21282958984375,165360.28125,0.8628571033477783,0.15381978452205658,74,1.2330028838906795,0.0,False
5a7652785542992db9473760,460.050537109375,403.1727294921875,171931.1875,0.9269534349441528,0.12540191411972046,115,1.0577240154503675,0.0,False
5ae5aba0554299546bf82f17,511.4637756347656,411.14593505859375,198532.34375,0.9441052079200745,0.2030503898859024,186,1.1744628068166874,0.0,False
5ab42f3c55429942dd415ebc,562.8623657226562,415.5461730957031,225420.59375,0.9637670516967773,0.37680622935295105,192,1.3054342868815287,0.0,False
5a828c3355429940e5e1a8f0,538.2410278320312,371.8216552734375,189633.640625,0.9475538730621338,0.1420799046754837,100,1.3716585751955654,0.0,False
5abf1a6b5542997ec76fd3c1,533.4058837890625,453.10980224609375,229028.234375,0.9476059079170227,0.3194670081138611,319,1.1155321980999902,0.0,False
5ae3b1ba5542992f92d82343,492.7438659667969,381.04241943359375,178207.34375,0.9491417407989502,0.1530444622039795,280,1.227379724496236,0.0,False
5adfc8f45542992d7e9f93d0,486.3774108886719,419.83892822265625,194390.4375,0.9519602060317993,0.20968030393123627,90,1.1028323266091038,0.0,False
5ab55e015542992aa134a2d3,511.2240905761719,426.2157897949219,206693.15625,0.9486046433448792,0.40936145186424255,64,1.137802876920434,0.0,False
5ae7909f5542994a481bbda6,479.8299865722656,406.4437561035156,185786.78125,0.9526359438896179,0.13558831810951233,335,1.1246409640242199,0.0,False
5a88401c5542994846c1ce60,506.94464111328125,370.9140625,177424.703125,0.9435833096504211,0.32165154814720154,109,1.2896370129391683,0.0,False
5a8799c55542996e4f308877,494.6860046386719,417.66265869140625,196771.140625,0.9523710012435913,0.12297579646110535,185,1.1280026129071643,0.0,False
5adcaa7f5542990d50227cdb,551.47509765625,425.4512023925781,216151.09375,0.9212589859962463,0.12707117199897766,238,1.1941473705254968,0.0,False
5ae6179b5542992663a4f25b,569.3905639648438,418.68084716796875,225908.625,0.9476314187049866,0.06429746001958847,97,1.2887439030811072,0.0,False
5ae5b06e554299546bf82f2a,478.6190185546875,403.8211364746094,183993.125,0.9519686102867126,0.30544525384902954,192,1.1282971788956087,0.0,False
5aba89365542994dbf019932,562.2081909179688,381.572021484375,205341.84375,0.9572024345397949,0.06090687960386276,124,1.4103419093634153,0.0,False
5ade982f554299728e26c753,473.436767578125,393.9675598144531,172370.65625,0.9241466522216797,0.09980269521474838,101,1.110560979359895,0.0,False
5ac401bb55429919431738f4,560.2395629882812,386.4599304199219,207379.53125,0.9578282237052917,0.06749124825000763,165,1.3885353661708457,0.0,False
5a8a07725542992d82986e5b,527.8103637695312,402.37139892578125,197162.71875,0.928367018699646,0.1296345591545105,110,1.2177849212563427,0.0,False
5a7b55bc55429927d897bf98,497.93634033203125,364.5566101074219,167044.15625,0.9202218055725098,0.12143108248710632,104,1.2569017552059993,0.0,False
5a769b115542993569682c51,523.7044677734375,429.4622497558594,216309.203125,0.9617533683776855,0.19733823835849762,110,1.172802836547741,0.0,False
5ae5736e5542990ba0bbb2b3,504.9891052246094,374.3716125488281,168962.46875,0.8937278985977173,0.06950563192367554,168,1.2055477761641995,0.0,False
5ae2125e554299495565d9db,478.4400329589844,380.5933837890625,171734.125,0.9431219696998596,0.19093738496303558,98,1.1855889231928671,0.0,False
5adfc06d55429906c02daa2a,508.6417236328125,396.9163818359375,193116.5,0.9565515518188477,0.4126141667366028,186,1.2258048465520825,0.0,False
5a7b22f8554299042af8f6ff,523.7505493164062,351.11737060546875,174452.109375,0.9486355781555176,0.11924850940704346,148,1.415049375050385,0.0,False
5a72aec45542994cef4bc3d7,498.22509765625,370.82122802734375,173501.84375,0.939104437828064,0.30429011583328247,171,1.2617546636478016,0.9068861644968575,True
5ab8a7f65542991b5579efca,520.1228637695312,414.5370178222656,205728.03125,0.95416659116745,0.1748354583978653,182,1.1972003427219462,0.0,False
5ae2c4d75542991a06ce98d0,452.3468933105469,402.4710388183594,168595.109375,0.9260591268539429,0.2533867657184601,261,1.0408201777048252,0.0,False
5ac11139554299294b219083,562.8207397460938,398.8664855957031,215192.15625,0.9585810303688049,0.13559721410274506,167,1.352606107115546,0.0,False
5a8a09ff5542992d82986e6b,577.5231323242188,385.0045166015625,199845.015625,0.8987897038459778,0.04659485071897507,74,1.3482228150268463,0.0,False
5ab5052a5542990594ba9ccf,571.520751953125,391.304443359375,214710.1875,0.9600765705108643,0.07875922322273254,158,1.4022423916085591,0.0,False
5a775bab5542994aec3b72a8,530.0985107421875,411.3335266113281,202272.21875,0.9276530146598816,0.20712657272815704,112,1.1954957050581039,0.0,False
5ae4eb9255429908b63264ba,484.7262878417969,396.0425720214844,179123.59375,0.9330702424049377,0.1883021891117096,367,1.1420077450442017,0.0,False
5a8a57fe55429930ff3c0da0,495.8301086425781,390.74017333984375,176293.078125,0.9099432229995728,0.14810948073863983,149,1.1546733199219585,0.0,False
5a8ce851554299441c6b9f6c,525.4468994140625,369.3191833496094,185088.1875,0.9537795782089233,0.13085077702999115,264,1.356984757438763,0.0,False
5a7e31c055429934daa2fbee,484.7618713378906,414.30828857421875,188386.09375,0.9379868507385254,0.22387531399726868,71,1.0974925916959555,0.017148321745249304,True
5ae4d1a355429913cc204513,559.6875,386.81365966796875,207444.40625,0.9581959247589111,0.04619693383574486,90,1.386430565703361,0.0,False
5ae763aa5542995703ce8c09,508.9118347167969,381.1820983886719,184751.765625,0.9523872137069702,0.09232525527477264,163,1.2715211969777307,0.0,False
5ae72b96554299572ea5474e,501.6375427246094,409.4809875488281,197704.875,0.9624841809272766,0.4583984315395355,145,1.1790979769514272,0.0,False
5adfee9c55429906c02daa8a,473.56793212890625,397.0282287597656,173727.34375,0.9239841103553772,0.24695993959903717,109,1.1021111772983154,0.0,False
5ab8ee805542991b5579f051,515.7915649414062,414.8830261230469,200349.125,0.9362407922744751,0.2828875482082367,194,1.1639548002655433,0.0,False
5a7a06525542990198eaf04f,493.77301025390625,427.65509033203125,198048.96875,0.9378893375396729,0.23924000561237335,127,1.0828923702745685,0.0,False
5a732aaa5542992359bc325a,447.6950378417969,394.51824951171875,163888.0625,0.9278931617736816,0.18692660331726074,224,1.0529630368545726,0.0,False
5a7a70b355429941d65f2647,519.822509765625,391.8440246582031,193110.984375,0.948066234588623,0.17923986911773682,116,1.2577100193707496,0.0,False
5ab928c255429934fafe6e6e,526.5753784179688,413.8803405761719,211031.484375,0.9683043956756592,0.12720580399036407,161,1.2319629813697315,0.0,False
5ab58ee6554299488d4d99d6,507.435791015625,413.71435546875,197940.5,0.9428725242614746,0.13484570384025574,209,1.156467630719219,0.0,False
5a79ad485542994bb9457036,525.4832153320312,411.3696594238281,207138.859375,0.9582315683364868,0.20493409037590027,138,1.22404410346501,0.0,False
5a7d2b5755429907fabef0c2,478.47308349609375,381.24090576171875,173281.96875,0.9499404430389404,0.363316148519516,215,1.1922144688320966,0.0,False
5a8838635542997e5c09a5a9,502.7568664550781,411.1918029785156,197968.40625,0.95762038230896,0.26774492859840393,90,1.17086544668449,0.0,False
5a7fa5b05542994857a7679b,583.721923828125,396.277099609375,222559.390625,0.9621459245681763,0.04699601233005524,99,1.4172549161272188,0.0,False
5a7df1095542990b8f503afe,562.642822265625,377.86700439453125,203431.53125,0.9568558931350708,0.16752614080905914,51,1.4247554492624446,0.022261803894725696,True
5a74b4dc55429979e2882a00,595.3045043945312,404.9837646484375,230511.921875,0.9561291933059692,0.04197407886385918,73,1.4054589493541,0.0,False
5a77c58b55429967ab105281,512.6591186523438,407.0719909667969,193495.53125,0.9271948933601379,0.16024388372898102,76,1.1676925164027405,0.0,False
5a8e42d15542995a26add4a6,528.9356689453125,411.405029296875,206279.1875,0.9479447603225708,0.09504502266645432,71,1.2187544630585252,0.0,False
5a8888e35542997e5c09a5f6,510.02978515625,401.7027282714844,195688.234375,0.9551341533660889,0.28423774242401123,164,1.2127049548627198,0.0,False
5a77ddb855429967ab1052d8,569.3955078125,412.859130859375,227773.71875,0.9689193964004517,0.07880156487226486,306,1.3362872492122624,0.0,False
5a832fdd55429954d2e2ec4f,527.8985595703125,425.4640808105469,214782.3125,0.9562801122665405,0.08468300849199295,291,1.1865135750484865,0.0,False
5a7dbf4e5542990b8f503a68,537.3656616210938,413.0603332519531,211198.3125,0.9514961838722229,0.2363956719636917,127,1.237837004644679,0.0,False
5a862c38554299211dda2a9a,499.4251708984375,400.94500732421875,192264.625,0.9601612091064453,0.15406206250190735,232,1.1959961053352437,0.0,False
5a7509175542993748c897a3,507.10205078125,408.8212890625,199316.796875,0.9614241123199463,0.0893954411149025,162,1.1925508125164759,0.0,False
5adc6c4c5542994650320ce0,560.879150390625,416.13531494140625,224298.921875,0.9609997868537903,0.40334799885749817,125,1.2952632372142874,0.0,False
5ae3e59a5542994393b9e79e,546.9483032226562,370.19635009765625,189213.96875,0.9344902634620667,0.10051088780164719,78,1.3806669531004294,0.0,False
5ae0ba15554299603e41844d,538.8145751953125,399.4460754394531,205485.140625,0.954735279083252,0.146988645195961,63,1.2878465081746024,0.0,False
5adecc7755429975fa854f9d,520.5687866210938,410.4019470214844,203065.890625,0.950494110584259,0.17287090420722961,238,1.2056414073185442,0.0,False
5ab30d1155429976abd1bc3d,531.4599609375,393.4241027832031,200394.96875,0.9584187269210815,0.11735907942056656,146,1.294687298770962,0.0,False
5ae819ac55429952e35eaa16,482.15869140625,399.9420471191406,183171.84375,0.9498863816261292,0.19537188112735748,124,1.145155824723509,0.0,False
5a7543d555429916b01642ce,482.4919738769531,362.39581298828125,163852.6875,0.9370878338813782,0.1662769466638565,223,1.2476340715310086,0.15595425894137607,True
5ac170af5542994d76dcce20,451.6677551269531,402.4009094238281,171036.4375,0.9410455226898193,0.31437963247299194,60,1.056259760074659,0.0,False
5abd0803554299700f9d7979,557.9594116210938,453.81585693359375,240888.1875,0.9513344764709473,0.4039390981197357,282,1.1696506610107396,0.0,False
5a8488f45542992a431d1a47,522.0576171875,422.4620056152344,210467.65625,0.9542875289916992,0.05719656124711037,117,1.1792613144986275,0.0,False
5ab762fb55429928e1fe3857,521.7138671875,419.9808044433594,203786.109375,0.9300638437271118,0.2763631343841553,191,1.1553556587387905,0.0,False
5a8f54215542992414482a54,503.8385009765625,405.32525634765625,196914.25,0.9642332196235657,0.31241047382354736,109,1.1985876915161415,0.0,False
5a89d26b5542992e4fca83d1,488.2807312011719,377.60772705078125,171523.3125,0.9302778840065002,0.28693699836730957,213,1.2029329188999365,0.0,False
5ac4a7615542996feb3fe92a,496.8367004394531,382.1378173828125,179162.984375,0.9436578750610352,0.0816739946603775,268,1.2268974122671803,0.0,False
5a7eb22655429930675135cb,468.6504821777344,373.2557678222656,165429.328125,0.9457076191902161,0.10596465319395065,185,1.1874065790867407,0.0,False
5abd09585542996e802b469b,551.8880615234375,406.21282958984375,196053.453125,0.8745201826095581,0.12199675291776657,78,1.1881389256293766,0.0,False
5a8babf05542996e8ac8899e,506.0039367675781,440.9367980957031,205774.9375,0.922278881072998,0.26184800267219543,381,1.0583755299053923,0.0,False
5a7a230e5542996a35c170ee,505.81011962890625,396.3162536621094,179999.3125,0.8979278802871704,0.07978113740682602,135,1.1460064935899679,0.0,False
5ae365205542990afbd1e12d,544.0947265625,376.31182861328125,197892.359375,0.9665105938911438,0.1627020537853241,151,1.397440375547277,0.0,False
5ae7936d5542997ec27276a7,528.0326538085938,403.8056335449219,191172.65625,0.8965871930122375,0.28833478689193726,193,1.1724140852974845,0.0,False
5a79f6ca554299029c4b5f90,503.2752685546875,422.67730712890625,202203.84375,0.9505499005317688,0.12797898054122925,237,1.131804830571985,0.0,False
5a81736255429903bc27b96e,511.3277893066406,402.34686279296875,193243.40625,0.9393007755279541,0.6078003644943237,112,1.1937226801226268,0.0,False
5ac3adc35542995ef918c1e2,548.641357421875,456.2150573730469,235804.0,0.9420913457870483,0.1421469897031784,449,1.1329531147196146,0.017702392417493978,True
5ae1ab715542997f29b3c0f7,528.60986328125,434.6424560546875,220381.21875,0.959195613861084,0.07734930515289307,217,1.166568615199912,0.0,False
5ae1d1a55542997f29b3c138,479.6086730957031,399.1238708496094,182400.984375,0.9528672695159912,0.3691405951976776,200,1.1450165710165519,0.0,False
5ab613985542992aa134a418,487.0486145019531,427.47796630859375,198213.875,0.9520241618156433,0.1974692940711975,166,1.0846923635811372,0.0,False
5ab7ee895542995dae37e9f6,505.0168151855469,382.32220458984375,184126.90625,0.9536343812942505,0.2491372525691986,149,1.2596741362146977,0.0,False
5ac2680055429963665199a8,512.1231079101562,421.5882263183594,203570.671875,0.9428712725639343,0.18235310912132263,142,1.1453501111149609,0.0,False
5ac298f9554299657fa28fc9,508.3042297363281,423.07232666015625,203676.71875,0.9471157789230347,0.3558669984340668,174,1.1379211042708413,0.0,False
5a81f49c5542995ce29dcc9a,507.52593994140625,415.43890380859375,194537.625,0.9226526021957397,0.19284163415431976,352,1.1271696388172767,0.0,False
5ae234005542994d89d5b392,489.9674987792969,386.0850524902344,178906.390625,0.9457483291625977,0.15581953525543213,118,1.2002172879575341,0.0,False
5a7b9a8a554299042af8f78d,511.207275390625,405.79986572265625,201149.5,0.9696389436721802,0.2837684750556946,212,1.2215047478560022,0.0,False
5ae51fa25542992663a4f11f,520.16357421875,363.9295654296875,178720.140625,0.9440960884094238,0.2670755088329315,160,1.3493941397967932,0.0,False
5a7e355055429934daa2fbf4,527.4754638671875,396.1897888183594,198572.25,0.9501955509185791,0.13677380979061127,247,1.265062553541236,0.0,False
5a8d18fb5542994ba4e3dbf2,474.7842102050781,402.02728271484375,182540.0,0.9563266038894653,0.09948817640542984,117,1.12939794474281,0.0,False
5a82a1ae55429954d2e2eb89,526.2546997070312,396.7970886230469,197447.84375,0.9455574750900269,0.14148375391960144,180,1.2540517002330025,0.0,False
5a803d695542996402f6a494,508.1615905761719,406.58575439453125,195436.96875,0.9459162950515747,0.3143559992313385,344,1.1822311598316786,0.0,False
5a7555215542996c70cfaee1,494.2347412109375,432.140869140625,200750.515625,0.9399354457855225,0.18330354988574982,259,1.0749938687969947,0.0,False
5a83c9445542992ef85e2360,514.5355834960938,414.09930419921875,198044.21875,0.9294846653938293,0.16969145834445953,147,1.1549233650302269,0.0,False
5ae33a3b5542992f92d8224a,506.330078125,401.5307312011719,193594.15625,0.9522253274917603,0.20684324204921722,189,1.2007557206522002,0.0,False
5a8eabf755429917b4a5bdaa,532.4701538085938,404.69000244140625,204736.046875,0.9501158595085144,0.2474997192621231,94,1.250113261370456,0.0,False
5ae82c3d55429952e35eaa75,476.9769592285156,392.5291748046875,178811.796875,0.9550515413284302,0.2350473552942276,160,1.160519079299795,0.0,False
5abbf64055429965836003bc,498.320556640625,398.7188720703125,188537.71875,0.948904812335968,0.3354024887084961,134,1.1859453149516497,0.0,False
5aba33985542994dbf0198c3,543.0867919921875,425.7884826660156,219208.28125,0.9479683041572571,0.1270434409379959,187,1.2091192547269347,0.0,False
5a858dc85542997b5ce40002,514.8642578125,406.9129333496094,200326.953125,0.956192135810852,0.17685462534427643,176,1.2098635651202003,0.0,False
5ab587ad5542992aa134a34b,506.35137939453125,436.20465087890625,210279.703125,0.9520397782325745,0.11619634181261063,269,1.105138659851074,0.0,False
5a8d8f77554299068b959d3e,495.5142822265625,404.2465515136719,190127.75,0.9491678476333618,0.2515895664691925,104,1.1634637623318842,0.0,False
5a73d4385542992d56e7e3b1,522.9276733398438,376.97100830078125,186316.3125,0.9451512098312378,0.25953030586242676,159,1.311097465233552,0.0,False
5a8790785542993e715abfac,576.657958984375,365.1794128417969,201229.28125,0.9555790424346924,0.1534450501203537,105,1.5089630452154494,0.0,False
5a79e3555542994bb945712f,511.6129150390625,407.13092041015625,196763.125,0.9446438550949097,0.13075432181358337,94,1.1870678347327759,0.0,False
5a8d09a955429941ae14df71,483.12054443359375,410.8384094238281,184478.4375,0.929435133934021,0.16507300734519958,154,1.0929581508418742,0.0,False
5ab97c0255429970cfb8eb1f,497.7208251953125,395.58953857421875,186286.453125,0.9461296796798706,0.14001156389713287,174,1.1903965996461412,0.0,False
5a89761d5542995153361310,495.3161315917969,420.6006164550781,197275.90625,0.9469382762908936,0.1424316018819809,100,1.1151524358287959,0.0,False
5ab28156554299449642c8ce,496.79779052734375,397.3157043457031,188799.03125,0.9564987421035767,0.3227538466453552,211,1.1959920664400043,0.0,False
5a7bacf35542997c3ec9724b,539.2074584960938,425.1395568847656,216613.46875,0.9449266195297241,0.31888964772224426,176,1.1984569158204943,0.0,False
5a8016215542992bc0c4a6a3,514.2407836914062,400.4256286621094,195766.0625,0.9507121443748474,0.060870468616485596,112,1.2209381767298884,0.0,False
5a7a99db55429941d65f26ea,521.6115112304688,416.0610046386719,207561.40625,0.95640629529953,0.11134538054466248,180,1.1990369800721645,0.0,False
5ab2beba554299166977408f,504.8890380859375,418.9850158691406,200919.03125,0.949787974357605,0.13442344963550568,121,1.1445218607841796,0.0,False
5a79186f55429907847277af,510.0858459472656,410.5533142089844,200472.21875,0.9572852849960327,0.18420854210853577,138,1.1893647758091312,0.0,False
5a7a7e9f5542994f819ef1f4,447.37310791015625,412.0424499511719,173854.46875,0.9431353211402893,0.25454047322273254,394,1.02400466868461,0.0,False
5ae53fcb55429960a22e029e,499.502685546875,394.00189208984375,179777.53125,0.9134805202484131,0.1003321185708046,70,1.1580806293289367,0.0,False
5a81ff1a554299676cceb1c2,514.7284545898438,413.35333251953125,199861.171875,0.9393528699874878,0.12499646842479706,188,1.1697297696745972,0.0,False
5a7c5de155429935c91b5179,527.2892456054688,383.76611328125,192235.15625,0.9499861598014832,0.03489471971988678,61,1.30526762921002,0.0,False
5ae0d85d5542990adbacf67e,478.3594665527344,378.9483947753906,170709.0,0.9417203664779663,0.2436417043209076,105,1.1887657248708177,0.0,False
5ac19b2c55429963665198b6,508.7086181640625,417.7945861816406,200284.625,0.9423575401306152,0.15810473263263702,150,1.1474188902200566,0.0,False
5a8038b55542996402f6a485,503.0771179199219,388.3400573730469,180750.421875,0.9251935482025146,0.15128275752067566,136,1.198546639904025,0.0,False
5abbc58455429931dba14502,539.2338256835938,409.32037353515625,210164.09375,0.9521777629852295,0.2896862328052521,141,1.254387725901891,0.0,False
5ae4075b55429970de88d87a,505.7250671386719,423.399658203125,203838.0625,0.9519634246826172,0.2580512762069702,131,1.1370623418567,0.0,False
5a8622ae554299211dda2a7e,505.2965393066406,419.0648498535156,195664.796875,0.9240279197692871,0.1469380110502243,96,1.1141668348794402,0.0,False
5ae17daa55429901ffe4aea9,558.4302978515625,380.58447265625,200883.40625,0.9452007412910461,0.09160599112510681,79,1.386889730804651,0.0,False
5ac4f04e5542995c82c4ad81,489.2019958496094,413.7810363769531,192971.34375,0.9533097147941589,0.29485005140304565,109,1.1270719851738742,0.0,False
5a83aaeb5542996488c2e483,470.24847412109375,403.16668701171875,181580.09375,0.9577589631080627,0.10971244424581528,287,1.1171177596635653,0.0,False
5a8333115542993344745feb,529.9578247070312,396.6904602050781,202383.515625,0.9626802206039429,0.2417156994342804,119,1.2860907741781562,0.0,False
5ac322c95542995ef918c117,516.8283081054688,370.6822814941406,180839.65625,0.9439425468444824,0.2695905268192291,101,1.3161034211376315,0.02056411595527549,True
5ae28b76554299495565daa8,514.6593627929688,394.4925231933594,190830.5,0.9399163126945496,0.47340264916419983,147,1.2262251950851346,0.0,False
5a7412b655429979e28828a1,545.43505859375,411.8799743652344,216371.515625,0.9631332159042358,0.17991496622562408,208,1.2754361821855833,0.0,False
5abefbc15542990832d3a117,496.462646484375,412.2215270996094,184822.375,0.9031029939651489,0.07480151206254959,184,1.0876601349578419,0.0,False
5ae4cda05542990ba0bbb148,499.95770263671875,372.4848937988281,173512.3125,0.931726336479187,0.08652622252702713,141,1.2505842902761375,0.0,False
5ae73d505542991e8301cc2c,530.19189453125,388.4122619628906,196072.46875,0.9521176815032959,0.18605192005634308,126,1.2996629941514404,0.0,False
5ac1b3a75542994ab5c67dd2,543.7132568359375,426.9456787109375,215598.125,0.9287577271461487,0.07228623330593109,189,1.1827684601867656,0.0,False
5abeafbb5542997ec76fd347,537.5797119140625,392.41650390625,195514.265625,0.9268049001693726,0.1370939314365387,190,1.2696497236094797,0.0,False
5a843de75542992ef85e23b4,501.27496337890625,414.65753173828125,200417.625,0.9642070531845093,0.15940213203430176,289,1.1656194748136883,0.0,False
5a74a8fa55429929fddd8497,492.0229797363281,413.731689453125,190984.09375,0.9381948113441467,0.2117895931005478,187,1.1157313213318467,0.0,False
5ab801da5542990e739ec7c9,547.2821655273438,377.50201416015625,193465.46875,0.9364248514175415,0.10431062430143356,82,1.3575783818169456,0.0,False
5ab661ac5542995eadeeffb1,472.47552490234375,380.3067932128906,169661.5,0.9442128539085388,0.20735576748847961,134,1.1730462519463898,0.0,False
5a886b7555429938390d3f4d,490.5992126464844,399.75634765625,182716.0,0.9316534996032715,0.24462834000587463,216,1.143367496544505,0.0,False
5ae3c0cc5542992f92d82369,512.01806640625,398.5517883300781,190960.53125,0.9357795119285583,0.10020856559276581,182,1.2021927091716034,0.0,False
5a7dedef5542995f4f40231a,543.2125854492188,405.9512023925781,209531.46875,0.9501794576644897,0.05777515098452568,95,1.271456753841861,0.0,False
5ac38bf355429939154137ba,511.83636474609375,415.5828857421875,197874.015625,0.9302506446838379,0.09816384315490723,140,1.1457067149524693,0.0,False
5a7244955542990c210a408a,487.43804931640625,418.2284240722656,193923.765625,0.9512573480606079,0.2357555329799652,146,1.108674209268601,0.0,False
5ae3f1fb5542995ad6573cc1,515.5284423828125,373.44317626953125,174685.359375,0.9073594808578491,0.12438567727804184,253,1.2525857054819194,0.0,False
5ade895955429975fa854ef5,485.8348388671875,388.7776184082031,177263.75,0.9384908080101013,0.24732373654842377,154,1.1727823530154322,0.0,False
5a71419f5542994082a3e70d,497.1159362792969,395.98651123046875,183556.3125,0.9324624538421631,0.15700510144233704,206,1.1706000530502974,0.0,False
5a881d2355429938390d3eeb,533.5221557617188,400.7532043457031,205504.96875,0.9611537456512451,0.6055421829223633,156,1.2795825817469981,0.0,False
5ae4d3a55542990ba0bbb164,510.675537109375,410.923583984375,200838.015625,0.9570614099502563,0.231735959649086,260,1.189388642526142,0.0,False
5ab41b8c5542996a3a969f40,507.6888732910156,421.4174499511719,203076.140625,0.9491803646087646,0.1533704698085785,208,1.1434939510904292,0.0,False
5abd0d635542992ac4f381b8,463.2934875488281,432.7093505859375,191751.15625,0.9565011858940125,0.15634028613567352,512,1.0241072274403944,0.0,False
5a8e494e5542995a26add4c8,480.4045715332031,397.550048828125,177807.03125,0.9310007095336914,0.10927752405405045,218,1.1250331216780611,0.0,False
5adf8ade5542993344016ce8,519.7881469726562,400.4696960449219,197587.09375,0.949210524559021,0.09267230331897736,190,1.2320242525031309,0.0,False
5a79ced45542994bb94570cb,540.3082885742188,415.81707763671875,213646.515625,0.9509372711181641,0.22710174322128296,153,1.2356377572309691,0.0,False
5ab5d9af554299494045f07e,503.11724853515625,392.5966491699219,183267.15625,0.9278309941291809,0.08218776434659958,138,1.1890263081366017,0.0,False
5a7211e655429971e9dc923c,527.519775390625,414.12921142578125,207315.34375,0.9489794373512268,0.15948323905467987,216,1.2088146516237936,0.0,False
5ab465095542991751b4d75a,516.0104370117188,397.5494384765625,191171.03125,0.9319068193435669,0.16572506725788116,93,1.209594474127137,0.0,False
5ae0038655429925eb1afbe0,505.16107177734375,407.0658874511719,191338.21875,0.9304801225662231,0.20677578449249268,158,1.1547083529779278,0.0,False
5a8f6e295542992414482ac6,501.0736389160156,407.64306640625,194682.84375,0.9531165957450867,0.18882441520690918,218,1.171568164043222,0.0,False
5ae56a0d5542990ba0bbb29c,503.37249755859375,372.23974609375,175162.5625,0.9348224401473999,0.2601054906845093,105,1.264141833342773,0.0,False
5a7e7c725542991319bc94be,515.6871948242188,387.191650390625,176301.09375,0.8829632997512817,0.09476123005151749,124,1.1759884053382343,0.0,False
5ab5dc44554299494045f089,485.7601318359375,402.9851379394531,187502.90625,0.9578491449356079,0.35916975140571594,121,1.1545957223964307,0.0,False
5abbd34d5542993f40c73bc6,499.52728271484375,389.4036560058594,178051.390625,0.9153478741645813,0.3425617814064026,117,1.174208772296505,0.0,False
5ae76d185542997ec2727641,537.8928833007812,400.8810729980469,204885.3125,0.9501659870147705,0.1341552585363388,328,1.274910571025961,0.0,False
5aba725455429901930fa7cc,508.57818603515625,423.8326721191406,198509.625,0.9209359288215637,0.2170291244983673,99,1.1050774182926635,0.0,False
5adfeab455429942ec259b86,487.9026184082031,397.99237060546875,186987.515625,0.9629521369934082,0.09942179173231125,193,1.1804921887783024,0.0,False
5adfa73b55429942ec259ad8,494.768310546875,396.647705078125,181590.96875,0.9253102540969849,0.2001972794532776,88,1.1542087270082548,0.0,False
5a7769a35542993569682d8f,500.6421203613281,421.6014099121094,199019.1875,0.9428997039794922,0.2508629858493805,94,1.119672056539444,0.0,False
5a7797175542992a6e59df10,478.5738525390625,423.68011474609375,192902.34375,0.9513722062110901,0.0936059057712555,135,1.0746358935809837,0.0,False
5ae54c085542992663a4f1c4,510.7552185058594,406.3722839355469,196121.78125,0.9449067711830139,0.1382444202899933,142,1.1876204557348666,0.0,False
5a73235c5542994cef4bc475,485.1246643066406,386.9969177246094,175157.5,0.9329704642295837,0.1664595752954483,118,1.1695363534378205,0.0,False
5ab299d6554299449642c926,495.88385009765625,391.51708984375,184949.5625,0.9526264667510986,0.16990399360656738,111,1.206568159777936,0.0,False
5ab9d7e4554299232ef4a21f,500.18927001953125,399.73358154296875,190909.34375,0.9548215866088867,0.25082871317863464,149,1.1947744181249154,0.0,False
5a8b8b3155429949d91db5d7,540.6510009765625,398.37213134765625,203946.484375,0.9469133615493774,0.08098392933607101,85,1.2851041468549074,0.0,False
5ab965bb554299743d22eb56,535.48486328125,414.7236328125,212900.78125,0.9586747288703918,0.198235422372818,121,1.2378262457667617,0.0,False
5a7f3c8f55429930675136c9,518.6171875,397.4111633300781,193254.9375,0.9376562237739563,0.10868408530950546,100,1.2236310079985782,0.0,False
5a7a1cd85542990783324e65,451.60284423828125,354.5791015625,151723.0625,0.947505533695221,0.31371691823005676,124,1.2067722911131205,0.0,False
5ae13f3c5542997b2ef7d168,525.7623291015625,367.66192626953125,181919.75,0.9411128759384155,0.1163550615310669,162,1.3458062287637618,0.0,False
5a7b2ec755429927d897bf53,542.427490234375,406.8085632324219,210964.125,0.956041693687439,0.11928322166204453,164,1.274760025861763,0.0,False
5a7d598d5542995f4f402262,469.354248046875,407.7105712890625,178301.59375,0.9317566156387329,0.1551450937986374,99,1.0726333129178847,0.0,False
5a735e9155429901807db00d,527.6406860351562,393.0142822265625,197441.140625,0.9521185159683228,0.14423906803131104,147,1.2782652575471403,0.0,False
5ac24d725542996366519966,496.66552734375,405.8519592285156,194528.9375,0.9650560021400452,0.288972944021225,266,1.180997344274546,0.0,False
5a7ce100554299683c1c63b5,511.02178955078125,349.9108581542969,166105.3125,0.9289378523826599,0.253070592880249,75,1.3566527010132992,0.0,False
5ab9debb55429955dce3ed97,533.9480590820312,382.92059326171875,192905.46875,0.9434888362884521,0.13927529752254486,96,1.3156097808630856,0.0,False
5a71380c5542994082a3e68b,521.9569091796875,396.244873046875,198040.0,0.957534909248352,0.34053555130958557,116,1.2613209395839844,0.0,False
5abdd30c5542991f66106052,559.2084350585938,409.2042236328125,221800.21875,0.9692775011062622,0.13642293214797974,170,1.3245908624152378,0.0,False
5a7222b155429971e9dc92c4,520.0194091796875,418.84417724609375,208820.921875,0.9587424993515015,0.21399106085300446,108,1.190334562998687,0.0,False
5ab926bc554299131ca42285,518.6851196289062,354.8514709472656,172893.84375,0.9393536448478699,0.10566049069166183,98,1.3730498653492609,0.0,False
5ab7867c5542992aa3b8c822,549.2870483398438,437.0684509277344,218434.21875,0.9098542928695679,0.09507456421852112,55,1.1434620513979343,0.0,False
5ae236b2554299495565da3e,493.0216979980469,354.52593994140625,154077.03125,0.881503164768219,0.07727610319852829,168,1.225862804101058,0.0,False
5abe6f8455429965af743f03,496.8335266113281,397.4560546875,187531.859375,0.9496750831604004,0.09229570627212524,126,1.1871260227154188,0.0,False
5a8ac4085542992d82986f74,533.7431640625,410.5250549316406,209097.71875,0.9542832374572754,0.18452304601669312,78,1.2407090752662377,0.0,False
5adde5155542997dc7907092,503.3442077636719,396.2376708984375,186039.296875,0.9327901005744934,0.09996823221445084,195,1.1849312823492923,0.0,False
5abb17e75542996cc5e49fa2,516.378173828125,415.0709533691406,205144.375,0.9571266174316406,0.20577435195446014,139,1.1907344758109988,0.20465748803001543,True
5adc6f6255429947ff173961,526.468017578125,406.7433166503906,196071.8125,0.9156358242034912,0.2967412769794464,76,1.1851527054270254,0.018518011022297273,True
5ab969ca55429970cfb8eac9,497.4500427246094,404.53973388671875,192319.21875,0.9556789398193359,0.34180933237075806,174,1.1751689745731713,0.0,False
5ac292175542996366519a14,513.812744140625,390.5543212890625,187029.140625,0.9320151805877686,0.3488466739654541,93,1.226157851649788,0.0,False
5ab9b29c554299743d22ebae,514.9837036132812,386.9869689941406,187889.625,0.9427856802940369,0.15145845711231232,171,1.2546139642316962,0.0,False
5a89d48c554299515336132e,487.2684326171875,406.5595397949219,189924.703125,0.9587138891220093,0.2966497540473938,159,1.1490346992681337,0.0,False
5a737dc455429908901be2c9,510.1618347167969,353.825927734375,173075.09375,0.9588196277618408,0.24711953103542328,122,1.3824685726235257,0.0,False
5a845b2d5542996488c2e520,558.8949584960938,424.82208251953125,223043.75,0.9394047856330872,0.06697448343038559,132,1.2358788243374763,0.0,False
5a8463545542990548d0b2a3,506.9864196777344,399.6770935058594,191412.171875,0.9446348547935486,0.150780588388443,91,1.1982599228170308,0.0,False
5a7780e855429949eeb29e9f,538.1417846679688,389.44415283203125,198074.421875,0.9451189041137695,0.17356647551059723,104,1.3059844972301804,0.0,False
5a763986554299109176e6bd,487.38555908203125,404.1464538574219,187008.8125,0.9494031071662903,0.15468932688236237,154,1.1449447432788038,0.0,False
5ab93262554299131ca422b6,553.4232177734375,420.7505798339844,223044.875,0.9578779339790344,0.5211763978004456,145,1.25991951380753,0.0,False
5ae4957155429970de88d9bc,503.43731689453125,411.51513671875,193841.1875,0.9356530904769897,0.2585642337799072,142,1.1446545337351828,0.0,False
5a843b045542996488c2e518,486.2383728027344,407.4542236328125,189337.0625,0.9556692838668823,0.09325948357582092,135,1.1404545621151827,0.0,False
5add3b035542997545bbbcce,487.8170471191406,428.1778259277344,194418.71875,0.9308012127876282,0.13156205415725708,277,1.0604488642368635,0.0,False
5ac3b07055429939154138b8,519.5811767578125,399.27301025390625,199815.4375,0.9631760716438293,0.14393652975559235,200,1.2533983829154947,0.0,False
5adce88b5542992c1e3a249a,502.7268371582031,399.80364990234375,188534.71875,0.9380208253860474,0.24373720586299896,160,1.179499682292319,0.0,False
5ab41d855542996a3a969f4b,517.1171875,399.80340576171875,194882.28125,0.942620575428009,0.14638255536556244,183,1.2192124139047495,0.0,False
5abdb5b455429965af743dfa,568.98583984375,411.1653747558594,225982.84375,0.9659562110900879,0.0655018538236618,159,1.3367260154259069,0.0,False
5a8febb555429916514e73e4,511.8082275390625,365.81927490234375,175955.359375,0.939785361289978,0.06720331311225891,130,1.314829169149838,0.0,False
5a7a8d15554299042af8f669,503.2679138183594,393.6382751464844,189032.1875,0.9541995525360107,0.15945880115032196,119,1.2199474393005083,0.0,False
5ae2eda355429928c4239570,571.1427001953125,391.5005187988281,212498.1875,0.9503382444381714,0.05586618557572365,152,1.3864063736291683,0.0,False
5a7a8a9c554299042af8f666,508.67474365234375,403.3243408203125,190386.5625,0.9279865026473999,0.22777175903320312,128,1.170381442968191,0.0,False
5a88ac3d554299206df2b328,498.4556884765625,428.2443542480469,199007.34375,0.932289719581604,0.19833561778068542,156,1.0851400951599857,0.0,False
5adda7275542995b365fab57,523.4812622070312,419.05859375,208471.625,0.9503227472305298,0.21833020448684692,88,1.1871277281748718,0.0,False
5a865bbf5542991e77181615,539.6327514648438,347.2780456542969,176474.34375,0.9416857361793518,0.09690751880407333,103,1.4632782520233258,0.0,False
5a8e1577554299068b959e54,473.11773681640625,416.8389587402344,185984.625,0.9430604577064514,0.3262963891029358,144,1.0703860455701826,0.0,False
5ab3f6b9554299753aec5a03,504.4276428222656,385.448486328125,168314.75,0.865679144859314,0.08860857784748077,169,1.1328945493439289,0.0,False
5adf8dd25542993344016cfe,497.6446838378906,399.4043273925781,189724.625,0.9545344710350037,0.1667293906211853,173,1.1893184909023804,0.0,False
5ae7ef625542994a481bbe40,497.8697509765625,414.7807312011719,197524.390625,0.95650315284729,0.22561779618263245,209,1.1481102253231177,0.0,False
5a7a9ed55542995eb53be87d,519.376708984375,408.1849365234375,204173.421875,0.9630742073059082,0.12038619071245193,93,1.2254208351066629,0.0,False
5a8e68b15542995085b3742d,489.1180419921875,399.46453857421875,176543.734375,0.9035669565200806,0.2304770052433014,117,1.106358418468548,0.0,False
5adfb78f5542995ec70e9081,555.8238525390625,400.2866516113281,214544.90625,0.9642950296401978,0.12201160192489624,248,1.3389858640556445,0.0,False
5adc6e035542994650320cec,468.58087158203125,389.547607421875,174414.71875,0.9555162191390991,0.34940609335899353,170,1.1493758013960194,0.0,False
5a778cae55429949eeb29eeb,491.4551696777344,388.2113952636719,177780.453125,0.9318194389343262,0.2272353619337082,202,1.1796344586772278,0.0,False
5ab95a63554299743d22eb06,507.33184814453125,387.3572692871094,188772.3125,0.9605820178985596,0.263139933347702,208,1.2580991676033342,0.0,False
5a7b47765542992d025e67d8,487.6084289550781,432.3762512207031,198192.953125,0.9400591850280762,0.24157477915287018,109,1.0601432321417263,0.0,False
5a72a47d55429901807daf1f,485.9677429199219,413.5484313964844,188086.625,0.935888409614563,0.3131530284881592,139,1.0997783293090613,0.0,False
5ae4a2b25542995ad6573de0,526.9265747070312,406.2384948730469,204484.21875,0.9552755355834961,0.23889514803886414,295,1.2390751513363292,0.0,False
5a712c4b5542994082a3e622,521.9426879882812,413.5159912109375,206535.390625,0.9569283127784729,0.20433026552200317,209,1.2078412638020115,0.0,False
5a8c2adc554299240d9c20a9,509.8526611328125,398.67755126953125,193255.25,0.9507467150688171,0.06343695521354675,165,1.215871662089615,0.0,False
5a886886554299206df2b258,484.04339599609375,407.6171875,187838.078125,0.9520216584205627,0.3724786341190338,163,1.130521067374582,0.0,False
5ae638865542992ae0d1628c,555.9750366210938,383.26898193359375,202372.71875,0.9497144222259521,0.1199556216597557,85,1.377668155699338,0.0,False
5a7662745542992db9473786,551.3488159179688,416.4716796875,220156.40625,0.9587809443473816,0.12943845987319946,154,1.2692885967553746,0.0,False
5ae5621655429908b63265fc,519.2191772460938,413.3349609375,202047.78125,0.9414584636688232,0.15172405540943146,180,1.1826324858058723,0.0,False
5ab66a3555429954757d3290,499.17523193359375,408.4684143066406,195548.25,0.9590526223182678,0.10038786381483078,193,1.1720252680149275,0.0,False
5ae2c8b05542992decbdcd9d,481.5516662597656,416.5151672363281,191964.578125,0.9570780992507935,0.09791067987680435,222,1.106520482318969,0.0,False
5abfdfcb5542997d642958fe,556.0831298828125,415.1762390136719,216355.296875,0.937120258808136,0.12342815846204758,103,1.2551700022666972,0.0,False
5ae0d5335542990adbacf674,536.6473999023438,376.7510986328125,190680.0,0.9431083798408508,0.05009545385837555,108,1.3433713700795953,0.0,False
5ab42d5755429942dd415eaf,518.8482666015625,415.9386901855469,199688.09375,0.925299882888794,0.19376862049102783,111,1.1542331185319863,0.0,False
5abbf43d5542993f40c73c2f,479.4871826171875,406.505615234375,186179.296875,0.9551857709884644,0.2957519292831421,115,1.1266740397940949,0.7921926842302229,True
5a7f9cb55542995d8a8ddec1,531.287109375,399.1434631347656,190543.25,0.8985357284545898,0.08610270917415619,113,1.1960119700141298,0.0,False
5ade653f55429975fa854ebb,499.36627197265625,433.86273193359375,204668.984375,0.9446707963943481,0.1639137864112854,221,1.0872948758083447,0.0,False
5ae6097c55429929b0807a9a,516.7960205078125,376.7927551269531,184018.875,0.9450193643569946,0.3307498097419739,169,1.296156027776914,0.0,False
5a7280925542991f9a20c4a1,526.2105712890625,383.5004577636719,180660.078125,0.8952344655990601,0.06742696464061737,158,1.2283734479123243,0.0,False
5ade15ae5542990dbb2f7f4c,487.5128479003906,422.29351806640625,190327.09375,0.9244855642318726,0.09415340423583984,203,1.0672638155533771,0.016675997118021518,True
5a88a1bb5542997e5c09a64c,506.0343322753906,385.673583984375,186510.46875,0.9556598663330078,0.11330971121788025,146,1.2539015124368276,0.0,False
5a857cf35542994c784ddb1d,526.4243774414062,401.97332763671875,203244.953125,0.9604759812355042,0.32019704580307007,178,1.2578396949434376,0.0,False
5a7f6fd75542992e7d278cfa,539.8306274414062,376.5354919433594,196093.171875,0.9647150039672852,0.1379508674144745,245,1.383090613538139,0.0,False
5a75ac415542992d0ec05fdb,506.00811767578125,387.3729553222656,186766.90625,0.9528250098228455,0.37929630279541016,93,1.24463305558683,0.0,False
5a799dfb5542994bb9457029,494.12530517578125,390.5274353027344,182632.21875,0.9464305639266968,0.26820480823516846,98,1.197496621002208,0.0,False
5a81624d5542995ce29dcbf1,511.7646789550781,393.44598388671875,194132.953125,0.9641483426094055,0.33950331807136536,143,1.2540909326305987,0.0,False
5a80f793554299260e20a1e1,516.3010864257812,407.7957458496094,199748.1875,0.9487179517745972,0.31831878423690796,174,1.2011506080219925,0.0,False
5adccdd55542992c1e3a2408,486.7042236328125,362.51556396484375,164564.46875,0.9327050447463989,0.07052072137594223,84,1.2522261191667312,0.0,False
5ab92f52554299131ca422a9,503.356689453125,394.797607421875,187847.234375,0.9452669024467468,0.2313898354768753,131,1.205190726518507,0.0,False
5a8315c055429966c78a6b2d,518.2623901367188,396.1807556152344,193947.078125,0.9445831179618835,0.061834823340177536,160,1.2356528899574954,0.0,False
5a89f58f5542992e4fca84af,530.3352661132812,414.46038818359375,211956.0,0.9643000960350037,0.21958915889263153,138,1.2338991246017448,0.0,False
5a8b63fa55429950cd6afcd7,559.3546142578125,392.87945556640625,209477.421875,0.9532146453857422,0.30626776814460754,102,1.3571210337575124,0.0,False
5ab56f7a554299637185c59a,522.68359375,428.1697692871094,213119.53125,0.9522880911827087,0.11315047740936279,175,1.1624954198040631,0.0,False
5ae0d9c555429924de1b719a,493.4289245605469,390.7559509277344,183436.40625,0.9513828754425049,0.0734534040093422,143,1.2013632204128764,0.0,False
5ae5eb0d554299546bf82fd2,498.5556335449219,391.2019958496094,186580.6875,0.9566475749015808,0.12996546924114227,159,1.2191708361261075,0.0,False
5a7f48e15542992e7d278ce6,507.4915466308594,412.2997741699219,198533.90625,0.9488396644592285,0.29475975036621094,117,1.1679076247107412,0.0,False
5abac27855429966062415ff,486.6226501464844,399.40374755859375,170615.5625,0.8778376579284668,0.11336945742368698,143,1.0695334487248989,0.0,False
5abe9f7d5542997ec76fd331,515.7565307617188,367.4353942871094,180589.9375,0.9529449343681335,0.129242941737175,97,1.3376163552766454,0.0,False
5ae5be86554299546bf82f40,572.7595825195312,358.41204833984375,197563.703125,0.9623924493789673,0.07318879663944244,193,1.5379490815268742,0.0,False
5ae0819155429924de1b70ea,503.36102294921875,395.3208312988281,189477.953125,0.9522027373313904,0.2833361029624939,82,1.2124372884326773,0.8714393010609868,True
5a8b6efd5542997f31a41d2b,506.0208435058594,397.32330322265625,193025.546875,0.9600687623023987,0.10820157825946808,86,1.2227191573904954,0.0,False
5a8b20335542996c9b8d5fb3,464.29443359375,381.3954772949219,167604.8125,0.9464930295944214,0.3726317584514618,205,1.1522199938120075,0.0,False
5ab624b855429953192ad26d,525.9884033203125,414.3034362792969,203513.71875,0.9338968992233276,0.12968535721302032,107,1.1856503102476474,0.0,False
5a8704f8554299211dda2ba4,493.0312805175781,420.77459716796875,198085.84375,0.9548375606536865,0.33048513531684875,148,1.1188050394233833,0.0,False
5ae82ae555429952e35eaa71,509.6841735839844,393.4513854980469,188969.40625,0.9423218965530396,0.0721258595585823,166,1.220701112939394,0.0,False
5a78ce5d55429974737f78ac,497.1540222167969,394.5478515625,186081.453125,0.9486640691757202,0.25280672311782837,172,1.1953737732811294,0.0,False
5a7d27f05542995ed0d1660d,559.4450073242188,414.507080078125,222401.328125,0.9590648412704468,0.2828686833381653,171,1.2944148013791636,0.0,False
5ae81b895542997ec272770c,522.4744262695312,378.78033447265625,172449.546875,0.8713841438293457,0.19966378808021545,177,1.2019522398861737,0.0,False
5ab92f1f554299753720f77b,482.56561279296875,406.3703308105469,184910.40625,0.9429377317428589,0.1000584289431572,87,1.1197404515289036,0.0,False
5ab43b9d5542990594ba9bc3,567.4791259765625,384.955322265625,211573.40625,0.9685027599334717,0.05031907185912132,214,1.427711380039909,0.0,False
5a838fcd5542992ef85e2305,558.0385131835938,404.33282470703125,216969.75,0.9616035223007202,0.17197191715240479,225,1.3271535982551408,0.0,False
5a875154554299211dda2be7,495.11236572265625,393.91058349609375,186907.34375,0.958351731300354,0.09988540410995483,240,1.2045672921583903,0.0,False
5a7c8cea55429935c91b5214,539.8328857421875,407.71356201171875,211402.75,0.960497260093689,0.08880642801523209,121,1.2717458136033655,0.0,False
5a7aa9425542992d025e66e4,467.3316650390625,416.8659362792969,181621.265625,0.9322772026062012,0.19536910951137543,109,1.0451385819656402,0.0,False
5a89cc99554299669944a5ae,537.0577392578125,402.4211120605469,203982.8125,0.9438257217407227,0.20907138288021088,186,1.2595982881827053,0.0,False
5a731c205542994cef4bc45d,539.377685546875,404.77392578125,211154.46875,0.9671520590782166,0.4757656157016754,155,1.288769409992807,0.0,False
5a7a5cc955429941d65f25d6,523.010009765625,402.10455322265625,196743.203125,0.9355150461196899,0.1135304868221283,236,1.2168071584812228,0.0,False
5a7471f655429979e2882955,538.2976684570312,398.3952331542969,203065.0,0.9468876719474792,0.054793525487184525,188,1.279401361781042,0.0,False
5a890b895542995153361278,537.9127807617188,413.1994934082031,212123.53125,0.9543708562850952,0.11041151732206345,131,1.2424224418854568,0.0,False
5a8077ca5542992bc0c4a729,504.71728515625,382.3361511230469,178567.859375,0.9253579378128052,0.16260232031345367,154,1.2215537030935233,0.0,False
5a7e689f55429934daa2fc1c,565.924072265625,364.982666015625,193736.53125,0.937952995300293,0.08499686419963837,163,1.4543436576074098,0.0,False
5a794119554299029c4b5f3c,474.25323486328125,410.8282470703125,183862.609375,0.9436757564544678,0.48061808943748474,132,1.0893635164337796,0.0,False
5aba056255429939ce03dc55,522.6887817382812,390.9454345703125,192215.9375,0.9406543970108032,0.13438962399959564,163,1.257642202395992,0.0,False
5add21555542992ae4cec496,462.1990051269531,389.0071105957031,171296.125,0.9527106285095215,0.2738349437713623,162,1.1319635930218495,0.0,False
5a8078d85542995d8a8ddf78,525.6547241210938,410.8580627441406,204331.5625,0.9461129903793335,0.13763593137264252,131,1.2104638609460692,0.01891349782728233,True
5ae446825542995ad6573d21,508.9073791503906,367.9610900878906,171820.578125,0.9175601005554199,0.18375897407531738,113,1.2690285196354598,0.0,False
5a7369da55429901807db037,533.2889404296875,439.1535949707031,224422.359375,0.9582682847976685,0.18175625801086426,306,1.1636791130851156,0.0,False
5a83880e554299123d8c214e,576.5869140625,407.98944091796875,227246.5,0.9660142660140991,0.12136279791593552,108,1.3652096715724669,0.0,False
5a79b495554299148911fa3b,476.03216552734375,398.5137939453125,177484.28125,0.9355785250663757,0.10268153995275497,135,1.1175659964372302,0.0,False
5a7324205542994cef4bc478,484.34466552734375,405.8439636230469,185277.0625,0.9425578713417053,0.2272951602935791,151,1.1248729539329352,0.0,False
5a74bdce55429929fddd84e1,548.9231567382812,432.59478759765625,222590.34375,0.9373753070831299,0.08152534067630768,155,1.1894433309749421,0.0,False
5a88cf7e5542993b751ca85b,605.8727416992188,445.80694580078125,259927.8125,0.9623310565948486,0.04580702632665634,227,1.3078534748096042,0.0,False
5abee4ff5542993fe9a41d7d,498.6322326660156,412.708740234375,191441.328125,0.9302757382392883,0.17221081256866455,121,1.1239535563287941,0.0,False
5abca6375542993a06baf946,497.30908203125,383.0476379394531,180917.296875,0.949731707572937,0.16320602595806122,133,1.2330324693320736,0.0,False
5ab576c4554299637185c5a4,511.0425720214844,366.2108459472656,174213.578125,0.930880069732666,0.34233972430229187,93,1.299031240679121,0.0,False
5abcf70b55429959677d6b7e,552.2462768554688,414.7255859375,218875.5,0.955660343170166,0.1386871635913849,122,1.2725518667209648,0.0,False
5a8b05c855429949d91db46a,507.2476806640625,436.3415832519531,209085.6875,0.9446645975112915,0.45236819982528687,106,1.0981738523546725,0.0,False
5a771e0b55429966f1a36c75,484.7200622558594,388.0426330566406,177725.3125,0.944884717464447,0.29032331705093384,120,1.1802945475145201,0.0,False
5ae616ce5542992663a4f259,488.76202392578125,375.4354248046875,171305.25,0.9335507154464722,0.1134260818362236,73,1.2153466702194113,0.0,False
5a7b9fac554299294a54aa2f,501.2034606933594,395.8309326171875,186154.15625,0.9383156895637512,0.17634157836437225,140,1.1881007715754675,0.0,False
5ab7022f5542995eadef010e,473.10736083984375,385.6288757324219,172846.96875,0.9473981261253357,0.23757193982601166,157,1.1623118756492532,0.0,False
5a8732505542991e77181713,541.0183715820312,418.30328369140625,214070.453125,0.9459179043769836,0.23298251628875732,135,1.2234160696369882,0.0,False
5a871a5e5542996432c5721e,489.2210998535156,370.0359191894531,166249.859375,0.9183583855628967,0.0880308747291565,216,1.2141532896922167,0.0,False
5a75f32055429976ec32bcb7,552.75244140625,430.1595764160156,226868.375,0.9541434049606323,0.14603397250175476,155,1.2260685957954007,0.0,False
